{"order": [3, 4, 5, 6, 7, 18, 19, 20, 21, 22, 23, 24, 25, 26, 27, 28, 29, 30, 31, 32, 33, 34, 35, 36, 37, 38, 39], "scan": ["080333", "080334", "080335", "080336", "080337", "080350", "080351", "080352", "080353", "080354", "080355", "080356", "080357", "080358", "080359", "080360", "080361", "080362", "080363", "080364", "080365", "080366", "080367", "080368", "080369", "080370", "080371"], "name": ["mask", "EB", "Cd", "EC", "H2O", "A", "B", "C", "D", "E", "F", "G", "H", "I", "J", "K", "L", "M", "N", "O", "P", "Q", "R", "S", "T", "U", "V"], "att": [2.0, 2.0, 2.0, 2.0, 2.0, 2.0, 2.0, 2.0, 2.0, 2.0, 2.0, 2.0, 2.0, 2.0, 2.0, 2.0, 2.0, 2.0, 2.0, 2.0, 2.0, 2.0, 2.0, 2.0, 2.0, 2.0, 2.0], "coll": [4.5, 4.5, 4.5, 4.5, 4.5, 4.5, 4.5, 4.5, 4.5, 4.5, 4.5, 4.5, 4.5, 4.5, 4.5, 4.5, 4.5, 4.5, 4.5, 4.5, 4.5, 4.5, 4.5, 4.5, 4.5, 4.5, 4.5], "wavelength": [5.000510215759278e-09, 4.9974700808525085e-09, 4.9974700808525085e-09, 4.998719990253448e-09, 4.998719990253448e-09, 5.002300143241883e-09, 5.002300143241883e-09, 5.002840161323547e-09, 5.002840161323547e-09, 5.001760125160217e-09, 5.001760125160217e-09, 4.998190104961395e-09, 4.998190104961395e-09, 4.9992600083351135e-09, 4.9992600083351135e-09, 4.9994400143623356e-09, 4.9994400143623356e-09, 5.002300143241883e-09, 5.002300143241883e-09, 5.000510215759278e-09, 5.000510215759278e-09, 5.000510215759278e-09, 5.000510215759278e-09, 4.998719990253448e-09, 5.000330209732056e-09, 5.000330209732056e-09, 4.998190104961395e-09], "det": [4.5, 4.5, 4.5, 4.5, 4.5, 4.5, 4.5, 4.5, 4.5, 4.5, 4.5, 4.5, 4.5, 4.5, 4.5, 4.5, 4.5, 4.5, 4.5, 4.5, 4.5, 4.5, 4.5, 4.5, 4.5, 4.5, 4.5], "det_y": [0.0, 0.0, 0.0, 0.0, 0.0, 0.0, 0.0, 0.0, 0.0, 0.0, 0.0, 0.0, 0.0, 0.0, 0.0, 0.0, 0.0, 0.0, 0.0, 0.0, 0.0, 0.0, 0.0, 0.0, 0.0, 0.0, 0.0], "temp": [24.99, 25.63, 25.37, 25.11, 25.0, 24.99, 24.97, 25.0, 25.01, 24.98, 25.02, 25.04, 25.03, 25.03, 25.03, 25.01, 25.0, 24.99, 24.99, 24.98, 24.99, 25.01, 24.99, 25.01, 24.99, 25.01, 25.0], "moni": [10.0, 10.0, 10.0, 10.0, 10.0, 10.0, 10.0, 10.0, 10.0, 10.0, 10.0, 10.0, 10.0, 10.0, 10.0, 10.0, 10.0, 10.0, 10.0, 10.0, 10.0, 10.0, 10.0, 10.0, 10.0, 10.0, 10.0], "time": [17.01, 16.97, 16.95, 18.13, 17.0, 16.91, 19.25, 16.96, 17.03, 16.93, 17.07, 17.07, 16.95, 16.96, 17.02, 17.01, 18.31, 16.92, 17.0, 16.94, 16.98, 17.02, 16.98, 17.02, 17.01, 19.22, 17.05], "name_hdf": ["sans2021n080333.hdf", "sans2021n080334.hdf", "sans2021n080335.hdf", "sans2021n080336.hdf", "sans2021n080337.hdf", "sans2021n080350.hdf", "sans2021n080351.hdf", "sans2021n080352.hdf", "sans2021n080353.hdf", "sans2021n080354.hdf", "sans2021n080355.hdf", "sans2021n080356.hdf", "sans2021n080357.hdf", "sans2021n080358.hdf", "sans2021n080359.hdf", "sans2021n080360.hdf", "sans2021n080361.hdf", "sans2021n080362.hdf", "sans2021n080363.hdf", "sans2021n080364.hdf", "sans2021n080365.hdf", "sans2021n080366.hdf", "sans2021n080367.hdf", "sans2021n080368.hdf", "sans2021n080369.hdf", "sans2021n080370.hdf", "sans2021n080371.hdf"], "transmission": [0.95, 1.0, 0.0, 0.966, 0.558, 0.857, 0.809, 0.778, 0.813, 0.754, 0.747, 0.744, 0.798, 0.727, 0.792, 0.802, 0.804, 0.796, 0.796, 0.787, 0.799, 0.795, 0.78, 0.806, 0.799, 0.796, 0.794], "counts": [980771, 1032300, 0, 997300, 575637, 884851, 834780, 802939, 839506, 778524, 771112, 768428, 823649, 750137, 818069, 827996, 829528, 821254, 821932, 812117, 824357, 821089, 805687, 831723, 824756, 821642, 819292]}