{"order": [0, 1, 11, 12, 13, 113], "scan": ["080329", "080330", "080341", "080342", "080343", "080458"], "name": ["mask", "mask", "Cd", "EC", "H2O", "V"], "att": [0.0, 2.0, 0.0, 0.0, 0.0, 0.0], "coll": [6.0, 6.0, 6.0, 6.0, 6.0, 6.0], "wavelength": [4.998190104961395e-09, 4.999969899654389e-09, 5.000330209732056e-09, 5.002300143241883e-09, 5.001050233840942e-09, 4.9974700808525085e-09], "det": [1.6, 1.6, 1.6, 1.6, 1.6, 1.6], "det_y": [0.0, 0.0, 0.0, 0.0, 0.0, 0.0], "temp": [25.01, 25.0, 25.01, 25.0, 24.97, 29.99], "moni": [20.0, 10.0, 100.0, 500.0, 500.0, 500.0], "time": [34.09, 17.02, 173.03, 860.35, 869.72, 234.86], "name_hdf": ["sans2021n080329.hdf", "sans2021n080330.hdf", "sans2021n080341.hdf", "sans2021n080342.hdf", "sans2021n080343.hdf", "sans2021n080458.hdf"]}