{"order": [70, 71, 72, 73, 74, 75, 76, 77, 78, 79, 80, 81, 82, 83, 84, 85, 86, 87, 88, 89, 90, 91, 92, 93, 94, 95, 96], "scan": ["080409", "080410", "080411", "080412", "080413", "080414", "080415", "080416", "080417", "080418", "080419", "080420", "080421", "080422", "080423", "080424", "080425", "080426", "080427", "080428", "080429", "080430", "080431", "080432", "080433", "080434", "080435"], "name": ["mask", "EB", "Cd", "EC", "J", "K", "L", "M", "N", "O", "P", "Q", "R", "S", "T", "U", "V", "EC", "A", "B", "C", "D", "E", "F", "G", "H", "I"], "att": [0.0, 1.0, 0.0, 0.0, 0.0, 0.0, 0.0, 0.0, 0.0, 0.0, 0.0, 0.0, 0.0, 0.0, 0.0, 0.0, 0.0, 0.0, 0.0, 0.0, 0.0, 0.0, 0.0, 0.0, 0.0, 0.0, 0.0], "coll": [18.0, 18.0, 18.0, 18.0, 18.0, 18.0, 18.0, 18.0, 18.0, 18.0, 18.0, 18.0, 18.0, 18.0, 18.0, 18.0, 18.0, 18.0, 18.0, 18.0, 18.0, 18.0, 18.0, 18.0, 18.0, 18.0, 18.0], "wavelength": [5.001580119132995e-09, 4.999969899654389e-09, 4.998719990253448e-09, 4.9992600083351135e-09, 4.998719990253448e-09, 4.998719990253448e-09, 4.999789893627167e-09, 4.9992600083351135e-09, 5.002300143241883e-09, 5.001050233840942e-09, 4.998719990253448e-09, 4.9992600083351135e-09, 5.001050233840942e-09, 4.999789893627167e-09, 4.9974700808525085e-09, 5.002840161323547e-09, 5.001050233840942e-09, 4.9974700808525085e-09, 5.000510215759278e-09, 4.999789893627167e-09, 4.9992600083351135e-09, 4.998190104961395e-09, 5.002300143241883e-09, 5.001050233840942e-09, 4.998719990253448e-09, 4.998719990253448e-09, 4.998719990253448e-09], "det": [18.0, 18.0, 18.0, 18.0, 18.0, 18.0, 18.0, 18.0, 18.0, 18.0, 18.0, 18.0, 18.0, 18.0, 18.0, 18.0, 18.0, 18.0, 18.0, 18.0, 18.0, 18.0, 18.0, 18.0, 18.0, 18.0, 18.0], "det_y": [0.4, 0.4, 0.4, 0.4, 0.4, 0.4, 0.4, 0.4, 0.4, 0.4, 0.4, 0.4, 0.4, 0.4, 0.4, 0.4, 0.4, 0.4, 0.4, 0.4, 0.4, 0.4, 0.4, 0.4, 0.4, 0.4, 0.4], "temp": [24.99, 24.99, 24.99, 25.0, 24.99, 24.99, 25.0, 25.01, 25.01, 25.01, 25.0, 24.99, 25.01, 25.01, 25.01, 24.97, 25.01, 25.01, 24.99, 24.97, 24.99, 24.98, 25.0, 25.01, 25.02, 25.01, 25.0], "moni": [20.0, 10.0, 100.0, 500.0, 1000.0, 1000.0, 1000.0, 1000.0, 1000.0, 1000.0, 1000.0, 1000.0, 1000.0, 1000.0, 1000.0, 1000.0, 1000.0, 1000.0, 1000.0, 1000.0, 1000.0, 1000.0, 1000.0, 1000.0, 1000.0, 1000.0, 1000.0], "time": [34.35, 18.47, 170.99, 868.54, 1716.81, 1726.18, 1725.64, 1714.11, 1681.89, 1681.46, 1675.94, 1679.0, 1687.45, 1686.37, 1686.25, 1687.81, 1678.47, 1681.15, 1675.75, 1682.2, 1680.89, 1679.55, 1669.8, 1670.02, 1672.28, 1690.62, 1744.46], "name_hdf": ["sans2021n080409.hdf", "sans2021n080410.hdf", "sans2021n080411.hdf", "sans2021n080412.hdf", "sans2021n080413.hdf", "sans2021n080414.hdf", "sans2021n080415.hdf", "sans2021n080416.hdf", "sans2021n080417.hdf", "sans2021n080418.hdf", "sans2021n080419.hdf", "sans2021n080420.hdf", "sans2021n080421.hdf", "sans2021n080422.hdf", "sans2021n080423.hdf", "sans2021n080424.hdf", "sans2021n080425.hdf", "sans2021n080426.hdf", "sans2021n080427.hdf", "sans2021n080428.hdf", "sans2021n080429.hdf", "sans2021n080430.hdf", "sans2021n080431.hdf", "sans2021n080432.hdf", "sans2021n080433.hdf", "sans2021n080434.hdf", "sans2021n080435.hdf"]}